{"cameraMode":{"drawMode":0,"name":"Shaded","section":"Shading Mode"},"sceneLighting":false,"audioPlay":false,"sceneViewState":{"m_AlwaysRefresh":false,"showFog":true,"showSkybox":true,"showFlares":true,"showImageEffects":true,"showParticleSystems":true,"showVisualEffectGraphs":true,"m_FxEnabled":false},"in2DMode":false,"pivot":{"x":0.32330894470214846,"y":-82.26826477050781,"z":111.04231262207031},"rotation":{"x":-0.35846203565597536,"y":-0.10333243012428284,"z":0.03996112570166588,"w":-0.9269463419914246},"size":68.74446868896485,"orthographic":false}